12.388463,0.033227399,0,6000,0.934661388,1,0,1,0,8.20473099,-0.0207491443,8.19705582,0.242020205,-1.14342618,0.990091383,-0.630650282,0,0,0,0,1,0,0,1984.18494,0.296544939,1.12460279
15.134759,0.0326724052,0,4931.70166,0.628204405,2.76750922,4931.70166,1,0,34.0244789,0.332958609,32.617466,-9.36670876,-1.3716855,0.999393284,1,0,0,0,0,1,1,0,4931.70166,0.61144948,2.76750922
17.883618,0.0326099396,1,3889.31812,0.480450451,3.64168358,3889.31812,1,0,32.1579437,0.959213197,31.4731102,6.40570545,-1.63129961,0.999963045,1,0,0,0,0,1,1,1,3957.75635,0.498301685,3.70576429
20.620188,0.0324354172,0,5708.67041,0.601060688,3.2035265,5708.67041,1,0,33.4589005,-0.516966045,-33.0940819,-5.78969908,-0.796393812,0.999997675,1,0,0,0,0,1,0,0,5829.76904,0.606409967,3.27148294
23.360536,0.0323438644,1,4051.33203,0.502445698,3.79338217,4051.33203,1,0,32.7118111,-0.766851723,32.6097374,3.63628197,-0.864708066,0.999999106,0.391633034,0,0,0,0,1,1,1,4117.84082,0.516421974,3.85565591
26.110105,0.0322465897,2,6103.18213,0.533342659,7.82459307,6103.18213,1,0,34.9275932,-0.02584414,34.894371,-1.46166146,-0.59872824,0.999999106,0,0,0,0,0,1,1,2,6136.90186,0.533854306,7.86782265
28.856004,0.0323238373,2,7170.78369,0.587518275,9.19332123,7170.78369,1,0,33.7983055,-0.405078113,28.9208221,17.3604317,-0.96242851,0.999999106,-0.956745803,0,0,0,0,1,0,2,7116.21436,0.569576561,9.12336063
31.58146,0.0319461823,3,5643.71143,0.479205698,9.4061861,5643.71143,1,0,34.8311729,-0.0599058419,1.34943724,34.7998695,-0.867329538,0.999999106,0,0,0,0,0,1,1,3,5667.14893,0.485485166,9.4452486
34.323061,0.032251358,2,6545.05225,0.526755035,8.39109325,6545.05225,1,0,43.105484,0.868105173,23.6646252,-35.9024429,-2.89855146,0.999999106,1,0,1,0,0,1,1,2,6577.61816,0.527637303,8.43284416
37.070052,0.0321960449,3,6601.23486,0.500680506,11.002058,6601.23486,1,0,33.3420563,0.553359091,31.4897251,-11.4006424,-0.305488169,0.999999106,-1,0,0,0,0,1,1,3,6623.07471,0.503475189,11.0384579
39.811481,0.0319709778,3,7500,0.501085281,13.2005749,7500,1,0,38.0048523,0.190653116,-1.29520631,37.9779167,-0.584045649,0.999999106,1,0,1,0,0,1,1,3,7500,0.500946522,13.233573
43.979699,0.0326198339,1,5032.00146,0.584758997,4.74031544,5032.00146,1,0,34.7940331,0.0876395851,6.34011936,34.2124748,-0.638913393,0.994142294,-1,0,1,0,0,1,0,1,5092.65332,0.584180295,4.79649878
46.724215,0.0320219994,2,6179.93066,0.538639545,7.92298889,6179.93066,1,0,34.9886169,-0.00568607589,-37.9998741,-0.0981818587,-0.61332798,0.999641597,1,0,1,0,0,1,1,2,6213.20703,0.538385153,7.96565008
49.47678,0.0319561958,3,6696.91895,0.521653414,11.1617832,6696.91895,1,0,34.9991608,-0.00168154167,3.04279709,34.8625832,-0.520915508,0.999978185,0,0,0,0,0,1,0,3,6718.44531,0.521689057,11.1976528
52.217637,0.0321474075,3,5767.87549,0.472339958,9.61314011,5767.87549,1,0,33.8809929,-0.377089798,-33.6350403,-4.97882986,-1.03534126,0.999998569,1,0,0,0,0,1,0,3,5791.20508,0.479421407,9.65202141
54.961286,0.0323848724,3,6270.50879,0.484521747,10.4508572,6270.50879,1,0,34.5795021,0.142407894,-34.4607506,1.4068265,-0.683503211,0.999999106,1,0,0,0,0,1,0,3,6231.06348,0.481051087,10.3851156
57.702093,0.0325803757,3,5706.74463,0.492932796,9.51124096,5706.74463,1,0,34.9849663,-0.00803752337,-3.27286673,34.8232117,-0.797830343,0.999999106,0,0,0,0,0,1,1,3,5730.51465,0.49747628,9.55085754
76.488573,0.0324237347,1,5495.97412,0.577940702,5.1460433,5495.97412,1,0,34.8651657,-0.0479376316,3.52914548,-34.6817551,-0.973736703,0.996292233,0,0,0,0,0,1,1,1,5553.21826,0.576896966,5.19964266
79.231333,0.0323963165,1,4861.03662,0.564956427,4.55153227,4861.03662,1,0,33.411602,-0.539278507,28.7756882,-16.8361244,-1.38848817,0.999771714,-0.982462347,0,0,0,0,1,1,1,4754.60889,0.537482202,4.45188093
81.96848,0.0321950912,1,3790.52417,0.461699903,3.54923177,3790.52417,1,0,34.5252647,0.159845605,-7.3614645,-33.742218,-0.562944353,0.999985933,0,0,0,0,0,1,0,1,3858.96753,0.482363284,3.6133163
84.696115,0.0320739746,1,5014.8916,0.507979214,4.69559574,5014.8916,1,0,34.7210045,-0.0953562781,5.38071394,-34.2119484,-0.662702739,0.999999106,-0.941730917,0,0,0,0,1,0,1,4911.15088,0.488923013,4.5984602
87.434142,0.0322275162,1,3903.5,0.492140263,3.65496588,3903.5,1,0,34.4791451,-0.180178225,33.6692276,7.85587311,-1.09596694,0.999999106,1,0,0,0,0,1,0,1,3971.01318,0.508219481,3.71818042
90.174337,0.0323381424,1,5353.54492,0.551420033,5.01268721,5353.54492,1,0,34.743206,0.087683104,2.1234951,-34.6249237,-0.646471381,0.999999106,0.571852207,0,0,0,0,1,0,1,5252.31152,0.528305113,4.91789913
92.924934,0.032377243,1,3000,0.167789608,3.40712762,3000,1,0,34.0673409,-0.313973844,32.3875809,10.6337032,-0.771534443,0.999999106,0,0,0,0,0,1,0,1,3709.06128,0.416558027,3.47290707
95.666793,0.0322246552,1,3721.10254,0.418688804,3.48418164,3721.10254,1,0,33.856411,-0.384239972,0.432960331,33.9169312,-0.772539496,0.999999106,0.364817768,0,0,0,0,1,0,1,3790.24438,0.445355654,3.54892111
98.401695,0.0322875977,1,3547.2334,0.450924158,3.32138228,3547.2334,1,0,33.2250938,0.646011055,30.2813473,13.1858883,-3.48955274,0.999999106,1,0,0,0,0,1,0,1,3423.06616,0.426778883,3.20512104
101.141788,0.0319328308,0,5065.54834,0.611994088,2.84262228,5065.54834,1,0,33.2479286,-0.584626496,13.1063442,30.6146278,-0.362364084,0.999999106,0,0,0,0,0,1,0,0,5192.11426,0.619483113,2.91364694
103.879291,0.0325965881,1,4205.29932,0.37343207,3.93754983,4205.29932,1,0,33.6408043,-0.455664486,-12.5313053,31.1539383,-0.734318435,0.999999106,-1,0,0,0,0,1,0,1,4090.16724,0.366126537,3.82974815
106.635707,0.032459259,0,5442.49609,0.611590803,3.05415297,5442.49609,1,0,2.3308804,0.347658694,-0.583841205,2.1653564,-1.19680655,0.999999106,1,0,0,0,0,1,0,0,5566.61035,0.61694628,3.12380219
109.378246,0.0323295593,0,4956.81201,0.549903274,2.78160286,4956.81201,1,0,32.8837738,0.707165062,-0.383601755,32.9448547,-0.688170731,0.999999106,0,0,0,0,0,1,0,0,5086.34375,0.566202939,2.85429215
112.110606,0.0320281982,1,4507.43896,0.477442622,4.22044849,4507.43896,1,0,33.4262238,-0.53345567,-30.7115784,13.0154629,-1.89504206,0.999999106,-0.990600407,0,0,0,0,1,1,1,4398.16943,0.45919624,4.11813641
114.853713,0.032459259,1,3809.96216,0.495301902,3.56738353,3809.96216,1,0,34.6307373,-0.141920626,-31.278862,-14.5424557,-1.71893179,0.999999106,-0.963825941,0,0,0,0,1,0,1,3689.5188,0.468403399,3.45460892
117.597274,0.0320930481,1,6164.66602,0.565927505,5.77215958,6164.66602,1,0,34.7359924,-0.0895983949,2.38244224,-34.6580391,-0.576671064,0.999999106,0,0,0,0,0,1,1,1,6218.16553,0.565028489,5.82225275
120.342357,0.0325889587,2,5527.4043,0.499203086,7.08641624,5527.4043,1,0,34.8783112,0.0431362055,10.806181,-33.067646,-0.755055904,0.999999106,0.882363141,0,0,0,0,1,1,2,5464.73926,0.489447683,7.00607634
128.433151,0.0323969126,0,4853.54199,0.729644597,2.72364855,4853.54199,1,0,34.2819176,-0.115520075,22.4951954,-26.3743305,-0.37126565,1,0,0,0,0,0,1,0,0,4984.72217,0.723410785,2.79726243
146.715593,0.0323993564,0,2202.78662,0.247550845,1.23613167,2202.78662,1,0,11.7063551,-0.0669769123,-11.1511078,-3.56481791,-1.98277044,1,-0.00271105766,0,0,0,0,1,0,0,2397.52124,0.357214421,1.34541035
154.186068,0.0324420929,1,5383.5083,0.57705003,5.04073858,5383.5083,1,0,34.9062576,0.0331246629,-34.734848,3.43060803,-0.619739532,0.997188807,0,0,0,0,0,1,1,1,5441.37988,0.576406181,5.0949254
158.062182,0.0323708355,0,6000,0.5823825,1,0,0,0,20.7423935,0,-4.48045015,4.40572691,-20.9631996,0.834154189,0,0,0,0,0,0,0,0,6000,0.571715355,1
168.865307,0.0323016644,2,4871.70654,0.460683942,6.24577761,4871.70654,1,0,34.9837341,0.00684448378,34.9659424,0.996217489,-0.545466661,1,0,0,0,0,0,1,0,2,4909.51172,0.472521335,6.2942462
171.606209,0.0322990417,3,5604.22461,0.466918021,9.34037399,5604.22461,1,0,34.994072,0.00386158936,34.9684448,-1.19299734,-0.647943377,1,0,0,0,0,0,1,0,3,5628.00293,0.474886805,9.38000488
174.345078,0.0323781967,3,6844.05957,0.521943688,11.4067659,6844.05957,1,0,34.9483528,-0.0188788157,34.9397163,-0.6188007,-0.587600291,1,0,0,0,0,0,1,0,3,6865.62988,0.521845162,11.4427166
180.19678,0.032269001,2,4000,0.220711052,6.1040082,4000,1,0,35.0037727,-0.0001546774,-34.9955482,-0.529247761,-0.551979363,0.997728109,0,0,0,0,0,1,1,2,4799.33008,0.430799544,6.15298748
182.930769,0.0319299698,3,5856.18945,0.512224853,9.7603159,5856.18945,1,0,35.0054512,-9.5851783e-06,-34.9998856,-0.0782090649,-0.620025873,0.999859154,0,0,0,0,0,1,1,3,5879.18506,0.51408875,9.79864216
185.681056,0.03266716,4,6158.62354,0.461303949,12.8305788,6158.62354,1,0,35.0055733,-5.87139198e-07,-34.999527,-0.109325103,-0.657553792,0.999991417,0,0,0,0,0,1,0,4,6175.04102,0.468677789,12.8647785
188.435728,0.0329065323,4,7475.39844,0.513583958,15.573761,7475.39844,1,0,35.0049133,-3.57132208e-08,-34.9997177,-0.13267912,-0.587328911,0.999999106,0,0,0,0,0,1,0,4,7490.40771,0.513539553,15.6050301
191.181769,0.0326538086,4,6811.00293,0.505999327,14.1896009,6811.00293,1,0,34.9928131,0.00277113263,0.619735777,34.9864731,-0.194127634,0.999999106,0,0,0,0,0,1,0,4,6826.60596,0.507207334,14.2221079
193.914468,0.0321159363,4,6330.7124,0.408178687,13.1889954,6330.7124,1,0,33.7359505,-0.426759273,-33.3581657,5.79153633,-1.08917785,0.999999106,1,0,0,0,0,1,0,4,6346.63086,0.422166049,13.2221584
196.663466,0.0322933197,3,7340.78711,0.514683843,12.2346449,7340.78711,1,0,34.0245667,0.326846689,3.660429,33.8538094,0.875026643,0.999999106,0,0,0,0,0,1,1,3,7361.55908,0.515251279,12.2692652
199.404823,0.0326538086,3,6994.51904,0.489991099,11.6575317,6994.51904,1,0,34.586216,-0.140751287,32.8733292,10.4475231,-1.03659368,0.999999106,-1,0,0,0,0,1,1,3,6956.8623,0.486617863,11.5947704
202.146287,0.0320587158,2,7413.26904,0.690974116,9.50419998,7413.26904,1,0,34.1696434,0.280534238,34.0449142,1.73705602,-0.8696962,0.999999106,1,0,0,0,0,1,0,2,7360.03955,0.660225093,9.43595695
204.886384,0.0320491791,3,5637.3042,0.47787872,9.39551544,5637.3042,1,0,34.9909554,0.0119300466,34.9201126,1.77826226,-1.27917266,0.999999106,0,0,0,0,0,1,0,3,5660.8291,0.484352648,9.43472385
207.625882,0.0323810577,3,5435.85254,0.358072728,9.059762,5435.85254,1,0,33.9145355,0.366942137,10.0140333,-32.3219337,-1.05435157,0.999999106,1,0,0,0,0,1,0,2,7000,0.626931727,8.98916149
210.363937,0.0320129395,3,6014.14502,0.486011058,10.0235834,6014.14502,1,0,34.5433617,-0.154993698,3.33506036,-34.2920761,-0.736946464,0.999999106,-1,0,0,0,0,1,0,3,5974.33301,0.482030123,9.95723057
213.104824,0.0323905945,3,5955.12891,0.519250274,9.92521477,5955.12891,1,0,34.9539528,-0.0182409436,34.4396286,6.00803709,-0.797279537,0.999999106,0.959065139,0,0,0,0,1,1,3,5978.26172,0.52013737,9.96376991
215.848677,0.0322303772,3,7334.54785,0.51510936,12.224246,7334.54785,1,0,34.9200478,0.0287002791,34.8406334,-2.30309868,-0.653214157,0.999999106,0,0,0,0,0,1,1,3,7355.28809,0.515624702,12.2588139
218.5987,0.0322303772,3,7391.08887,0.50932622,12.3184929,7391.08887,1,0,34.3112068,-0.230512083,4.65225172,34.0140724,-0.643925786,0.999999106,0,0,0,0,0,1,0,3,7411.75195,0.510559022,12.352931
221.338242,0.0322647095,3,7997.93994,0.59044528,13.3299112,7997.93994,1,0,34.4335022,-0.192063749,-7.54597235,33.5524864,-0.825960159,0.999999106,-0.535474718,0,0,0,0,1,0,3,7963.1416,0.574982643,13.2719145
241.938964,0.0321091413,0,5008.38184,0.719109178,2.81053996,5008.38184,1,0,15.2951355,-0.120821118,-3.97605109,-15.899848,0.692498863,1,0,0,0,0,0,1,0,0,5136.37158,0.713240445,2.88236332
244.694525,0.0324897766,1,6129.29102,0.553516269,5.73903656,6129.29102,1,0,34.9865837,-0.00544315064,-5.70597744,-34.5157394,-0.458896875,1,0,0,0,0,0,1,1,1,6183.60742,0.55427146,5.78989458
247.430344,0.032392025,2,6143.95654,0.503747582,7.87686777,6143.95654,1,0,19.9765987,-0.0654278472,17.1543617,-0.312407374,-1.16625595,1,-0.977091134,0,1,0,0,1,0,2,6143.95654,0.503262043,7.87686777
250.18625,0.0324840546,2,7402.53906,0.511557698,9.4904356,7402.53906,1,0,5.04833174,-0.0654278472,3.33697271,3.66691256,-0.593346357,1,-0.977091134,0,1,0,0,1,0,2,7402.53906,0.510055959,9.4904356
252.941883,0.032289505,2,7190.81104,0.599819183,9.21898842,7190.81104,1,0,34.3878937,0.206545144,-33.5419121,7.18821383,-0.726744056,1,1,0,0,0,0,1,1,2,7136.375,0.580334246,9.14919853
255.693756,0.0324316025,2,4199.59619,0.463703215,5.38409758,4199.59619,1,0,32.7765236,-0.790654957,5.25812292,-32.1855087,-2.89608979,1,-0.953531206,0,0,0,0,1,0,2,4128.05127,0.453585774,5.29237366
259.947011,0.0321685672,0,4777.34326,0.729009211,2.72700214,4777.34326,1,0,30.9310188,-0.170105964,-26.7116508,17.6061382,-1.39624476,0.983633876,0,0,0,0,0,1,0,0,4908.03125,0.723377407,2.80005217
262.68877,0.0324807167,1,6195.4707,0.547901511,5.80706215,6195.4707,1,0,34.9791145,-0.016302621,-32.6258087,12.5398016,-1.61494398,0.998990417,0,0,0,0,0,1,0,1,6249.6084,0.549281001,5.85760689
265.43013,0.0320215225,2,5547.46924,0.504117906,7.11259604,5547.46924,1,0,34.5718193,-0.146386117,-33.1320763,9.54232311,-0.986175239,0.999937952,-1,0,0,0,0,1,0,2,5486.02393,0.493932903,7.03380108
268.185848,0.0323848724,2,6214.48047,0.521930695,7.96731472,6214.48047,1,0,18.8105068,-0.165177897,-17.2093315,-10.5302095,-1.36427653,0.999996185,0,0,0,0,0,1,0,2,6248.04102,0.523790658,8.01033974
272.889434,0.032176435,0,1963.90015,0.120728157,1.12024546,1963.90015,1,0,19.8854485,0,-8.52060032,-16.9788685,-2.96648979,0.984303057,0,0,0,0,0,1,0,0,1964.94202,0.17000486,1.12024546
275.646771,0.0325021744,1,4086.73047,0.521946669,3.83029938,4086.73047,1,0,34.225708,0.28697601,-33.8265038,-4.81199551,2.42002463,0.999047041,0,0,0,0,0,1,0,1,4153.30957,0.533266902,3.89257622
278.384266,0.0323724747,1,4896.87598,0.583574355,4.58536863,4896.87598,1,0,34.5005608,-0.231109023,5.06164312,-33.9539108,-3.66510892,0.999941111,0,0,0,0,0,1,0,1,4957.42871,0.583516598,4.64206076
281.127817,0.032371521,1,4118.73145,0.571863174,3.85650444,4118.73145,1,0,33.9924583,-0.339020222,33.8438377,-3.41665196,-0.768675864,0.999996364,0,0,0,0,0,1,0,1,4184.75098,0.576511383,3.91832018
283.868686,0.0324192047,2,5847.06787,0.540619314,7.49624825,5847.06787,1,0,34.9433746,-0.0205069911,34.9139633,1.36081374,-0.611239791,0.999999106,0,0,0,0,0,1,0,2,5881.70312,0.540507197,7.5406518
286.600865,0.0319843292,2,6212.69336,0.515194654,7.9649992,6212.69336,1,0,34.4870186,0.17134665,21.5732079,-26.9260521,-0.0510187149,0.999999106,0,0,0,0,0,1,0,2,6245.8418,0.517903626,8.00749779
289.345955,0.0320777893,2,6660.72803,0.488799036,8.53940296,6660.72803,1,0,33.7640572,0.419139922,4.99265528,-33.410099,-0.953643322,0.999999106,0.0191094074,0,0,0,0,1,0,2,6692.8374,0.49443841,8.58056831
292.081973,0.0322818756,2,6837.25244,0.529645622,8.76571655,6837.25244,1,0,33.8322601,0.391674221,-33.7665024,-2.55336761,-0.700898528,0.999999106,0,0,0,0,0,1,0,2,6869.14453,0.529879808,8.80660343
294.819219,0.0323181152,3,7177.19775,0.520458639,11.9620066,7177.19775,1,0,34.9320107,0.0242067371,-34.8594856,2.21401238,-0.567099512,0.999999106,0,0,0,0,0,1,0,3,7198.22266,0.520364583,11.9970484
297.56406,0.0323905945,4,6283.729,0.498166323,13.0911131,6283.729,1,0,34.9815292,-0.0137459822,-26.3908043,22.7804527,-1.38845611,0.999999106,-1,0,0,0,0,1,0,3,7500,0.666885078,13.0323648
300.307047,0.03191185,3,7405.98389,0.51613915,12.3433065,7405.98389,1,0,33.8790627,0.39428851,-19.1741066,27.7854881,-1.93437374,0.999999106,1,0,0,0,0,1,1,3,7370.21826,0.509866178,12.2836971
303.042166,0.0323925018,3,6646.26025,0.484968036,11.0771008,6646.26025,1,0,33.557972,-0.486976355,-33.6647415,1.12623358,-1.09655404,0.999999106,1,0,0,0,0,1,1,3,6668.15918,0.489783764,11.1135988
305.778661,0.0321960449,3,6886.45605,0.520084262,11.477437,6886.45605,1,0,34.3424034,0.220513895,0.65255022,34.3535576,-0.372590393,0.999999106,0,0,0,0,0,1,0,3,6907.83887,0.520202875,11.5130749
308.521093,0.0325050354,3,6634.70068,0.465662092,11.0578442,6634.70068,1,0,32.9835052,0.676343501,29.831686,13.9669237,-0.915404856,0.999999106,1,0,0,0,0,1,0,3,6596.21338,0.465079844,10.9936981
