13.362629,0.0323791504,-0.0172894082,0.0212318053,0.783652702,-0.620595463,-0.0220175572,-0.00970616564,0.708407819,0.0174336918,-0.0214089602,-0.776473761,0.629544437
15.431036,0.0327501297,0.0492934667,0.0101745581,0.975366914,-0.214769681,-0.00442677643,-0.0381087065,-2.06669593,-0.0490166321,-0.00870609749,-0.982102811,0.181647062
17.496054,0.0324292183,-0.0287989347,-0.0588387485,-0.392326316,0.917490428,-0.470997781,0.462849855,-2.12259698,-0.0407488197,-0.0539230742,-0.42296353,0.903622568
19.558264,0.0322136879,-0.0112247793,0.0469958124,0.232753619,0.971334726,-0.00230762968,-0.000426762505,1.66436613,-0.0125178369,0.0466801077,0.258698165,0.964748442
21.618064,0.0322475433,0.0100087921,0.0329142647,0.962081889,0.270582548,0.0452837273,-0.159360617,1.04195189,-0.00718030427,-0.0316801146,-0.966537654,-0.254459888
23.748504,0.0323705673,-0.0224825201,-0.00142187838,-0.640575405,0.767564763,0.0946405977,-0.325472832,-0.0347594284,-0.0179327931,-0.00447139889,-0.64111805,0.767219663
25.819206,0.0322875977,-0.00187355965,0.00367947588,0.724970825,-0.688767199,0.057428658,-0.040333502,0.11420092,0.00299096596,-0.0034523604,-0.723701417,0.690098107
27.886134,0.0323143005,-0.00244484858,0.000230276246,0.714167075,-0.69997097,0.0249267314,0.00485874573,-0.00471275486,0.00267067878,0.000112119575,-0.714220643,0.699915528
29.944832,0.0319519043,-0.00395409832,0.0489936281,0.104994431,0.993257348,-0.0831645578,-0.0688331574,0.583732247,-0.00584589737,0.0480018221,0.114182785,0.992282212
31.999362,0.0322284698,0.00117780226,0.00238210021,-0.0159386147,0.999869441,0.0230643936,-0.0215518475,0.000316401536,0.0015549307,0.00204079365,-0.015932221,0.999869764
34.066925,0.0325317383,-0.0535532931,-0.0269885725,0.945890241,-0.318897026,-0.855208516,-0.729780912,-1.48878336,0.060970936,0.00874414854,-0.95291388,0.296919614
36.134112,0.0322494507,-0.00872512609,-0.00667373272,-0.291033635,0.956649757,-0.0209567398,-0.402617484,-1.01429868,-0.00726703461,-0.0128379278,-0.306686521,0.951696277
38.266244,0.032333374,-0.00760798995,-0.00923729073,0.748295289,-0.663257831,0.162293345,-0.112486348,1.22861874,0.0105234059,0.010143538,-0.734934449,0.677980721
40.32985,0.0324039459,-0.00826767126,0.010300202,0.408772661,0.912540664,0.439225554,0.285037249,-1.95822752,0.000440636766,0.0118614314,0.379727006,0.925022483
44.75132,0.0323348045,0.0182511975,0.00738775708,0.417492522,0.90846701,0.0234982371,0.00766075402,1.45206439,0.0184695162,0.00776799535,0.438699543,0.898410439
46.820938,0.0322203636,0.00343677172,0.00117495736,0.697184696,0.716882353,0.128286541,-0.114488453,-0.490477741,0.00364161492,-0.00161526049,0.691504657,0.722361028
48.897064,0.0328497887,-0.000393203424,-0.0143686343,-0.0432804349,0.998959555,0.0674583614,0.354779661,-0.00826440006,0.000459476578,-0.00849932618,-0.0434289128,0.999020278
51.025359,0.0324220657,-0.0109574831,0.0504107877,0.21437057,0.975389125,-0.070577547,-0.0550365224,1.49757576,-0.0134845693,0.0495051667,0.237912565,0.96993041
53.090117,0.0322780609,-0.00118024321,0.00676314959,0.659605266,0.75158084,-0.0126903728,0.000109995715,0.0781850517,-0.0013415399,0.00689808698,0.660551727,0.750747681
55.216314,0.0319337845,0.0255846034,-0.0428630616,0.519123914,0.85324003,0.022776857,-0.0506153926,-1.42641759,0.0244927965,-0.0443125926,0.499566644,0.864794612
57.281111,0.0323476791,0.00129607495,0.0121002681,-0.0162731269,0.999793523,0.0655100942,0.0187139511,0.99744457,0.00215500058,0.0124394102,-0.000131323526,0.999920309
76.391194,0.0326663256,1.3844915e-05,-0.000282100392,0.998732709,-0.0503278898,-0.118224941,-0.170951247,-0.00307465065,0.00267760456,-0.00178695074,-0.998730063,0.0502782091
78.51999,0.0320448875,0.00933963277,-0.0195509993,0.998263935,0.0547690178,-0.0502918884,-0.59816134,1.4607327,-0.000185590485,0.0190468114,-0.999331176,-0.0312151425
80.587119,0.0322318077,0.00573093827,-0.00635196559,0.785520189,-0.618776892,0.55788362,-0.238425985,0.163024724,0.00283388584,0.0110211996,-0.783819199,0.620884836
82.639265,0.0320510864,-0.045834266,-0.0153231703,0.956952437,-0.286193037,-0.0356679037,-0.0317101367,1.43669498,0.0457920246,0.015681861,-0.950096607,0.308177948
84.696115,0.0320739746,-0.0276882792,0.00234410195,0.991643727,-0.125978505,0.0620195642,-0.212558165,1.1908685,0.0312327724,-0.00125821144,-0.988959193,0.144854084
86.760031,0.0323877335,-0.0318675034,-0.0523166475,0.712286574,-0.69921046,-0.0238251239,0.296356767,1.22505355,0.0271358006,0.0560179986,-0.698442936,0.712953806
88.819934,0.0322351456,0.0479954145,-0.00401700002,0.995355596,0.0833519123,0.000934876443,-0.000365469547,-1.41484725,-0.0478867628,0.0051256353,-0.993196845,-0.106021546
90.886421,0.0325431824,0.0112005902,-0.00162166416,0.995339906,0.0957621487,-0.0213601924,-0.0831832588,-0.0173697546,-0.00981964916,0.00140850386,-0.995327532,-0.0960450917
92.957002,0.032283783,0.0119372867,0.0164571844,-0.599316843,0.8002537,-0.517939091,-0.0988267809,-0.743602514,0.0063995542,0.0100254891,-0.608975232,0.793100059
95.02299,0.0323467255,0.011270616,0.0478560879,-0.225338068,0.973039323,-0.00779077224,-0.0164063461,1.42691517,0.0101006674,0.0478168726,-0.202830806,0.977993429
97.079546,0.0319271088,-0.000844180538,0.0136929052,0.0526390952,0.998519363,0.0202730522,-0.0827931166,0.0430648588,-0.000600013009,0.0123555539,0.0533288084,0.998500407
99.204578,0.0324783325,0.00453223202,0.00867255755,-0.661858741,0.749564709,-0.276371896,0.00747682713,-0.820026457,0.0012030619,0.00573210977,-0.671813786,0.740696967
101.272284,0.0321426392,0.0016737219,0.065063396,-0.0793948899,0.994716243,-0.122930676,-0.218541697,-0.536169291,0.000547972682,0.0613956191,-0.0880850479,0.994218946
103.329229,0.0322780609,0.00612084193,-0.000731929103,0.000471208521,0.999980889,-0.0116803162,0.0226997696,0.000297694263,0.00593251176,-0.000365465909,0.000473908498,0.999982238
105.403695,0.0322914124,-0.0449936273,0.0308984201,0.875790015,0.479596404,0.373077303,0.108576052,-1.25914419,0.0399321578,-0.0273722243,-0.866108775,-0.497505575
107.472778,0.0319976807,0.0113353961,0.0205014327,0.504537044,0.86307217,0.402284682,0.318866283,0.701966763,0.0192316808,0.0217822883,0.514253914,0.857145607
109.536961,0.0321502686,-0.000302630836,-0.00204477713,-0.129934518,0.991520423,0.109037787,-0.019891344,0.57766974,0.00149578787,-0.00213678903,-0.120725363,0.992682517
111.597009,0.0319671631,-0.00429847244,0.0443084001,0.190888884,0.980601715,-0.119375095,0.183089048,1.94726741,-0.00698661478,0.0473853573,0.22123003,0.97404474
113.660322,0.0320281982,-0.000473555538,-0.00594238201,0.549037924,0.835776179,-0.315195531,0.131455377,0.378373325,-0.0035003291,-0.00141438365,0.554114759,0.832431734
115.72698,0.0323104858,-0.0470846388,0.00442127035,0.996513693,0.0687309928,0.0243994705,0.179633826,-0.318053603,0.0441422015,-0.00446977606,-0.996281505,-0.0738556236
117.794025,0.0328369141,-0.000534668605,0.00795725295,0.999383838,-0.0341809837,-0.00294199074,0.0106799491,-0.000455983653,0.000357718527,-0.00799953751,-0.999383807,0.0341749266
119.858136,0.0322532654,-0.0353573623,-0.0113261541,0.97435522,-0.221931253,-0.116583601,0.0105838254,0.68804419,0.0346459448,0.00992385112,-0.971858501,0.232792258
121.919018,0.032081604,-0.000753054436,-0.0119890536,0.981003145,0.193619538,-0.334389865,0.310380161,0.231489152,-0.0031371119,0.00576546742,-0.981757104,-0.190025955
154.249857,0.0321450233,0.00330906046,0.00498426908,0.670287695,0.742077228,0.00283697248,-0.00775723578,-0.00068212155,0.00325938198,0.00486114854,0.670280159,0.742085099
156.31287,0.0325422287,0.00421923854,0.00370491688,0.670309553,0.742060358,0.000802370254,0.00770059926,9.6821539e-05,0.00431290688,0.00378914899,0.670310259,0.742058754
169.027253,0.0324504375,-0.00173500249,0.00103470518,-0.696949204,0.717117652,0.0169847962,-0.0170672815,-0.0609389506,-0.00134335505,0.00102990179,-0.697658002,0.716428936
171.086894,0.0321559906,-0.00495172312,0.00516670727,0.718910562,-0.695065745,-0.000241853355,-0.00719399424,7.83038267e-05,0.00503217988,-0.00524989003,-0.718909085,0.695066094
173.149045,0.0323996544,-0.0165208397,-0.0140240377,0.718070941,-0.695632454,-0.0938291475,0.0224199221,0.0997235328,0.0151799647,0.0132118687,-0.716972649,0.696810782
179.263273,0.0323598385,-0.00210774542,0.00473634683,0.721085964,0.692826209,0.0797031522,0.00632265396,0.0120384879,-0.00114143756,0.00387690309,0.721226633,0.692687392
181.322062,0.0322937965,0.00308734823,0.00307298836,0.707956316,0.706242791,-5.52077836e-05,0.00589274196,-0.000134214511,0.00315408665,0.00314081111,0.707954466,0.706244051
183.384482,0.0323615074,0.00205600124,0.00206964141,0.707921588,0.706285009,0.000157240283,0.00300180004,0.000102460268,0.00209217961,0.00210214825,0.707922578,0.706283808
185.453161,0.0321822166,0.00437285736,0.00429351103,0.708189691,0.705995613,0.00222893246,-0.154276669,0.000567764859,0.00264007295,0.00251553231,0.708204865,0.705997646
187.522877,0.0321502686,0.00263318877,0.00264032902,0.708421771,0.70577949,9.97099414e-06,0.00365086133,0.00016164704,0.00267487019,0.00268164207,0.708423376,0.705777526
189.603479,0.0327177048,0.020336469,-0.0470932246,0.391183879,0.918881836,0.00509504136,0.0120709566,-1.44469082,0.0193719286,-0.0474117547,0.369356632,0.92787528
191.662026,0.032081604,0.00300940638,0.0118926232,0.0900139347,0.995864951,-0.0505697764,-0.345666558,-0.695329607,0.00183497858,0.00640973914,0.078907311,0.99685967
193.722083,0.0321216583,-0.0376385527,0.0395754628,0.657895587,0.751126167,-0.0567618832,0.103137612,1.11852634,-0.0379382856,0.0407366268,0.671305656,0.739087284
195.794593,0.0326900482,0.0103843086,-0.0484659701,0.205373848,0.977427644,-0.00641550496,0.0187465679,-1.45064735,0.00919300318,-0.0483775549,0.182149157,0.982037067
197.85452,0.0318279266,0.0316247905,-0.00273390161,-0.0901013102,0.995426618,-0.0689283684,-0.422961771,-1.61101246,0.0310583394,-0.0103399428,-0.115364671,0.992783725
199.920681,0.0322055817,0.0181863099,0.0391873679,-0.363891251,0.930439018,-0.293811679,-0.234118611,-1.87047124,0.0163287353,0.0333946049,-0.391847342,0.919278979
201.986886,0.0323944092,-0.0117083876,-0.00519331825,-0.656482869,0.754232183,-0.569390297,-0.182864517,-1.68719435,-0.016854709,-0.0131561942,-0.676796734,0.735859394
204.054399,0.0323581696,-0.0377995321,0.00898715663,-0.670933335,0.74049908,0.014454714,-0.0687301606,-0.310561717,-0.0368346088,0.008510435,-0.674685121,0.737136841
206.175935,0.0326290131,0.0289371162,0.0236663583,0.802092704,-0.59602839,-0.170225009,0.0448570848,-1.23589432,-0.0316500328,-0.0248691011,-0.813854992,0.579672217
208.238706,0.0322475433,0.00838224175,0.00584604004,0.99985551,-0.0135838654,-0.0587161556,-0.472441792,1.13608015,-0.000671555055,-0.00704824226,-0.999467909,0.0318400934
210.298137,0.0319595337,-0.0157819544,0.000465521937,0.998232025,-0.057302167,-0.005322868,-0.374282748,1.28844881,0.0217518937,-0.000568082149,-0.996728778,0.0778350681
212.363064,0.0325889587,-0.0135289556,-0.0132548361,-0.624662242,0.780665332,-0.397258282,0.14646396,0.00655194186,-0.0200712476,-0.0154363429,-0.624445915,0.78065753
214.431468,0.0321235657,0.00298649259,-0.00540136054,-0.695082807,0.718903191,0.0090993885,0.0236278139,0.00117811991,0.00282788416,-0.00502690347,-0.695071042,0.718917966
216.499773,0.0322952271,0.00107734203,0.00187599871,0.736300822,-0.676650884,-0.0198347848,-0.0439123809,-0.00070969417,-0.000771998835,-0.00259158434,-0.736308634,0.676640511
218.56616,0.032333374,-0.00106122455,0.0279659122,-0.0681533496,0.997282258,-0.114735752,-0.520423293,-0.445368081,-0.00213617296,0.0194552951,-0.0753899217,0.99696207
220.630068,0.0324020386,-0.00125597751,0.0217995788,0.0506532808,0.998477564,0.00742539251,0.115398936,0.507986724,-0.00122052571,0.0236490723,0.0588736571,0.997984529
222.688912,0.0325660706,0.000501254643,-0.0133621658,0.124012747,0.992190526,0.0916418731,-0.0926422551,-0.59469837,0.00166521582,-0.0150479833,0.114380464,0.993321657
243.622838,0.0320429802,-0.114905751,0.0285224121,0.933445858,0.338617735,0.546302378,-0.564033389,-0.776631355,0.120003521,-0.018719228,-0.928298473,-0.351440847
245.791785,0.0321979523,0.0366164485,0.00305340975,0.999227692,0.0139259642,-0.186488241,-0.485660255,0.787522018,-0.0287199859,-0.00640798826,-0.999565959,-0.00139104843
247.851385,0.0321116447,0.00146018934,0.0268504138,0.997525831,0.0649549014,-0.00815632194,-0.0121010169,4.11819315,0.000516377564,-0.0270060059,-0.999634624,0.000994945993
249.926426,0.032286644,0.0161435456,-0.0101778989,-0.528469996,0.84873745,0.000524371164,0.00138400891,4.05521059,0.016769316,-0.00907820091,-0.471898168,0.881446838
251.998158,0.0327501297,0.0209474243,-0.0353240234,0.528559048,0.84790256,-0.397548437,-0.120220661,1.44713879,0.0152195422,-0.0330459103,0.548756361,0.835190296
254.069351,0.0323705673,-0.01216135,0.0298618145,0.303644282,0.952239741,-0.448327065,-0.132253945,1.97807288,-0.0206659772,0.0296214316,0.333707809,0.941984415
256.146058,0.0322322845,-0.0443440618,-0.0317745279,0.86348193,-0.501420922,-0.0019685179,-0.00232028961,1.45211029,0.0436048955,0.0327571891,-0.851513624,0.521488309
260.65947,0.0323228836,0.00229648852,0.00538510157,0.551598099,0.834089482,0.0918442756,0.0114057697,0.0619375892,0.00363083906,0.00472238427,0.55243963,0.833531618
262.718986,0.0322570801,-0.00218366552,0.0147753314,0.570758292,0.820982273,0.421659827,0.299890906,0.0181296654,0.00615571532,0.0148635143,0.571089447,0.820730209
264.787048,0.0320630074,-0.0034984257,0.00376237185,0.514001016,0.85777419,-0.137265474,0.122254208,0.141707435,-0.00438713096,0.00656663114,0.51594466,0.856585562
266.857111,0.0326070786,-0.000956906353,0.00492443981,0.801360124,0.59816117,0.0076283589,0.0744597614,0.0024341871,9.01087114e-05,0.00555087533,0.801384985,0.598123133
268.934526,0.0327072144,0.0232108976,0.01551363,0.825531663,0.563664842,0.342218667,-0.187893406,-1.55462682,0.0242148973,0.0085685933,0.811080992,0.584369659
273.900034,0.0325344801,0.00885296902,-0.00248294917,0.954648927,0.297591811,-0.0202737451,0.109760135,0.00554484781,-0.0104595479,0.00163595937,-0.954659224,-0.297512561
275.966974,0.0321397781,0.031240623,0.0205008428,0.728553611,0.68396884,-0.0579061285,-0.00648565078,0.00474822568,0.0305266418,0.0211098865,0.728589654,0.683944225
278.02953,0.032081604,-0.0189656707,-0.0297190183,0.996452345,-0.0764186381,-0.0396293923,0.188064128,0.0400886349,0.0158919152,0.029328173,-0.996474385,0.0769814402
280.094987,0.0321516991,-0.0469391834,-0.0278441649,0.878734828,-0.474179837,0.274292618,0.308817655,0.971333146,0.0442264527,0.0348009393,-0.8713153,0.487485945
282.158529,0.0322504044,0.00392185092,4.5511342e-05,-0.678284348,0.734789059,-0.125059932,-0.0303712413,-0.270894527,0.00277239759,-0.00169932202,-0.681484282,0.731825531
284.221095,0.0321588516,0.00364863201,-0.00350058801,-0.693294644,0.720636503,-0.00174218672,-0.00570471212,-0.000286766153,0.00369202346,-0.00358612766,-0.693297446,0.720633149
286.282438,0.0319213867,0.0292957336,0.00988593427,0.956014691,-0.291684656,0.14315781,-0.154091567,0.252351016,-0.0262378305,-0.0085367756,-0.954921424,0.295573801
288.505813,0.0319499969,0.00107495521,0.00242896818,0.947405048,-0.320025967,-0.0101919891,-0.0222564898,-0.156074077,-0.000796264154,-0.00269432063,-0.948199928,0.317661822
290.568098,0.0324668884,0.0341870141,-0.01869241,0.943048102,0.330366643,0.137907982,-0.121882409,-0.533558011,-0.0328974351,0.021752486,-0.94017297,-0.338407129
292.627587,0.0322303772,0.0038817227,-0.00419246925,0.684522832,0.728969031,-0.0794007704,0.0134183336,-0.00462780334,0.00309668388,-0.00315925712,0.684472442,0.729025364
294.689185,0.0317821503,0.004721617,0.00438277941,0.684282434,0.729188623,0.000453061308,0.00578618655,-7.87245226e-05,0.00478979247,0.00444489578,0.68428117,0.729189038
296.756508,0.0321712494,0.0181691727,-0.045932967,0.402770003,0.913967378,0.0220717471,-0.00127098337,-0.625781894,0.0180221479,-0.0462752022,0.393533826,0.917967856
298.823077,0.0320587158,0.00180627212,0.00553687419,0.73434545,0.678750941,-0.116405427,0.459513843,-0.00707541453,0.00594913773,0.0119058974,0.734223604,0.678777218
300.886597,0.0322608948,-0.0147417492,-0.0427214188,-0.264468541,0.963334808,0.0269451868,-0.0357049853,0.736619592,-0.0136621604,-0.0433333777,-0.253031522,0.96639055
302.945935,0.0322189331,-0.0359479923,0.0329627887,0.735586494,0.67567278,-0.0056082271,0.00135734538,1.9902662,-0.0370307937,0.031875059,0.756859362,0.651748955
305.00591,0.0323562622,-0.000523464167,-0.0484000245,-0.000843561258,0.998827539,-0.00449846871,0.00272713671,-0.807417929,-0.00122829748,-0.0483450517,-0.0138857216,0.998733461
307.063879,0.0320091248,0.0274688587,-0.000153057168,0.0323788646,0.999098117,0.0557507165,0.0211450234,0.000272428442,0.0283712875,0.000156291935,0.0323737599,0.999073088
309.137674,0.0325393677,0.0260251719,0.0175791451,0.760279661,-0.648836267,0.528283894,-0.119339824,0.572268784,-0.0188070387,-0.0125456182,-0.754378259,0.656050563
